Route ,Length,AADT/Mile,Crashes,Arrests,Total,DUI.Density,Incidents/Check,DD/Check,Traffic/Check
6,14.3599999,1404.317554,12,19,31,0.022074779,0.00283105,0.226484018,105.723967
20,35.19000005,7044.671751,75,139,214,0.030377569,0.019543379,1.56347032,530.3577113
22,9.060000181,5435.209737,9,21,30,0.005519566,0.002739726,0.219178082,409.1894553
29,35.97999997,28119.91386,64,282,346,0.012304447,0.031598174,2.527853881,2117.006112
53,9.509999871,7196.950587,21,40,61,0.008475812,0.005570776,0.4456621,541.8220148
64,66.05000028,18683.51704,55,68,123,0.006583343,0.011232877,0.898630137,1406.587515
151,1.110000014,10000,4,3,7,0.0007,0.000639269,0.051141553,752.8494301
231,8.109999657,5000,5,4,9,0.0018,0.000821918,0.065753425,376.4247151
240,4.51000005,5691.352523,11,21,32,0.005622565,0.002922374,0.233789954,428.4731503
250,40.19000006,15690.14429,55,209,264,0.016825849,0.024109589,1.928767123,1181.231619
302,0,0,0,1,1,0,9.13242E-05,0.007305936,0
317,0,0,0,0,0,0,0,0,0
388,0,0,0,3,3,0,0.000273973,0.021917808,0
600,15.60000014,373.8461589,7,5,12,0.032098765,0.00109589,0.087671233,28.14498676
601,18.32000007,2459.372278,16,26,42,0.017077528,0.003835616,0.306849315,185.1537018
602,6.449999809,180,0,1,1,0.005555556,9.13242E-05,0.007305936,13.55128974
603,0.699999988,340,0,0,0,0,0,0,25.59688062
604,2.539999962,1478.740159,2,1,3,0.002028754,0.000273973,0.021917808,111.3268686
605,2.200000048,150,1,0,1,0.006666667,9.13242E-05,0.007305936,11.29274145
606,6.160000063,1907.694814,7,6,13,0.006814507,0.001187215,0.094977169,143.6206953
607,0.100000001,130,0,0,0,0,0,0,9.787042591
608,1.399999976,100,0,0,0,0,0,0,7.528494301
609,1.399999976,540,0,0,0,0,0,0,40.65386923
610,2.299999952,340,0,0,0,0,0,0,25.59688062
611,3.150000036,214.3492073,0,2,2,0.009330569,0.000182648,0.014611872,16.13726785
612,1.700000048,170,0,1,1,0.005882353,9.13242E-05,0.007305936,12.79844031
613,0.200000003,40,0,0,0,0,0,0,3.01139772
614,11.41000003,1295.968435,10,2,12,0.009259485,0.00109589,0.087671233,97.56690979
615,1.600000024,345.0000004,0,2,2,0.005797101,0.000182648,0.014611872,25.97330537
616,4.449999973,2982.314647,4,3,7,0.00234717,0.000639269,0.051141553,224.5233883
617,0.899999976,60,0,0,0,0,0,0,4.517096581
618,11.21999979,1041.889482,4,8,12,0.011517536,0.00109589,0.087671233,78.43859029
619,0.200000003,720,0,0,0,0,0,0,54.20515897
620,6.210000038,1500,2,3,5,0.003333333,0.000456621,0.03652968,112.9274145
621,1.100000024,370,0,0,0,0,0,0,27.85542891
622,3.100000024,721.9354935,1,1,2,0.002770331,0.000182648,0.014611872,54.35087249
623,1.399999976,263.7857141,0,1,1,0.003790956,9.13242E-05,0.007305936,19.85909246
624,0.150000006,10,0,0,0,0,0,0,0.75284943
625,2.299999952,110,2,1,3,0.027272727,0.000273973,0.021917808,8.281343731
626,10.30999994,493.1134826,2,11,13,0.0263631,0.001187215,0.094977169,37.12402043
627,19.21000006,271.6293582,5,3,8,0.029451897,0.000730594,0.058447489,20.44960075
628,0.800000012,210,2,6,8,0.038095238,0.000730594,0.058447489,15.80983803
629,1.299999982,35.84615401,0,6,6,0.167381973,0.000547945,0.043835616,2.698675662
630,6.300000191,144.2222226,2,2,4,0.027734977,0.000365297,0.029223744,10.85776181
631,15.57000016,7418.914465,48,121,169,0.022779613,0.01543379,1.234703196,558.5325527
632,1.5,820,0,0,0,0,0,0,61.73365327
633,9.450000145,170.687832,1,1,2,0.011717297,0.000182648,0.014611872,12.8502237
634,2.900000095,61.72413787,0,0,0,0,0,0,4.646898202
635,9.649999857,1078.134726,6,5,11,0.010202807,0.001004566,0.080365297,81.16731138
636,4.799999952,224.9999993,0,0,0,0,0,0,16.93911212
637,16.76000002,776.4498789,7,4,11,0.014167045,0.001004566,0.080365297,58.45498488
638,0.5,50,0,0,0,0,0,0,3.764247151
639,1.25,65.19999981,0,0,0,0,0,0,4.90857827
640,12.68999998,257.9353811,1,2,3,0.01163082,0.000273973,0.021917808,19.41865046
641,11.61000023,738.2687286,4,5,9,0.012190683,0.000821918,0.065753425,55.58051916
642,0.460000008,20,0,0,0,0,0,0,1.50569886
643,4.699999969,1585.446816,2,4,6,0.003784422,0.000547945,0.043835616,119.3602732
644,0.600000024,140,0,0,0,0,0,0,10.53989202
645,2.100000024,120.0000011,0,0,0,0,0,0,9.034193247
646,1,195,0,0,0,0,0,0,14.68056389
647,0.800000012,290,0,0,0,0,0,0,21.83263347
648,1.899999976,360,0,2,2,0.005555556,0.000182648,0.014611872,27.10257948
649,5.739999861,5374.738712,14,12,26,0.004837444,0.002374429,0.189954338,404.6368976
650,0.110000001,236.3636361,0,0,0,0,0,0,17.79462288
651,0.799999982,675.1249922,0,3,3,0.004443622,0.000273973,0.021917808,50.82674657
652,1.11999999,3560.714242,0,3,3,0.000842528,0.000273973,0.021917808,268.0681688
653,0.140000001,140,0,0,0,0,0,0,10.53989202
654,1.99000001,9618.090327,6,14,20,0.002079415,0.001826484,0.146118721,724.0973822
655,0.150000006,50,0,0,0,0,0,0,3.764247151
656,0.860000029,16000,1,6,7,0.0004375,0.000639269,0.051141553,1204.559088
657,1.460000038,5600,1,0,1,0.000178571,9.13242E-05,0.007305936,421.5956809
658,1.000000015,1024,0,1,1,0.000976563,9.13242E-05,0.007305936,77.09178164
659,1.200000048,920,0,2,2,0.002173913,0.000182648,0.014611872,69.26214757
660,6.44000008,1015.310562,1,1,2,0.001969841,0.000182648,0.014611872,76.4375978
661,0.899999976,120,0,0,0,0,0,0,9.034193161
662,2.350000024,155.5319146,0,1,1,0.006429549,9.13242E-05,0.007305936,11.70921133
663,7.099999756,1777.859185,6,0,6,0.003374845,0.000547945,0.043835616,133.8460274
664,8.129999936,853.8745437,4,0,4,0.004684529,0.000365297,0.029223744,64.28389636
665,8.379999936,809.6420035,1,0,1,0.001235114,9.13242E-05,0.007305936,60.95385209
666,0.800000012,260,0,0,0,0,0,0,19.57408518
667,3.500000037,110.2857143,0,1,1,0.009067358,9.13242E-05,0.007305936,8.302853715
668,7.899999887,59.87341829,0,0,0,0,0,0,4.507566884
669,0.349999994,90,0,0,0,0,0,0,6.775644871
670,1,60,0,0,0,0,0,0,4.517096581
671,10.30000002,278.8349548,2,2,4,0.014345404,0.000365297,0.029223744,20.99207368
672,3.699999928,120.8108104,0,0,0,0,0,0,9.095234974
673,3.809999952,136.5616798,0,0,0,0,0,0,10.28103828
674,5.989999846,103.222037,0,1,1,0.009687854,9.13242E-05,0.007305936,7.771065175
675,2.749999929,314.9090855,1,1,2,0.006351039,0.000182648,0.014611872,23.70791256
676,10.5000001,2634.514322,11,16,27,0.010248568,0.002465753,0.197260274,198.3392606
677,5.799999952,715.6896494,2,1,3,0.004191761,0.000273973,0.021917808,53.88065447
678,7.980000027,768.7844783,4,0,4,0.005203019,0.000365297,0.029223744,57.87789564
679,0.899999991,248.6666663,0,0,0,0,0,0,18.7208558
680,4.179999828,570,1,0,1,0.001754386,9.13242E-05,0.007305936,42.91241752
681,0.600000024,30,0,0,0,0,0,0,2.25854829
682,4.359999985,314.472474,1,0,1,0.003179929,9.13242E-05,0.007305936,23.67504229
683,1.199999988,169.4999995,0,0,0,0,0,0,12.7607978
684,4.5,972.8666634,3,3,6,0.006167341,0.000547945,0.043835616,73.24221131
685,0.700000018,121.1428582,0,0,0,0,0,0,9.120233175
686,1.799999952,140,0,0,0,0,0,0,10.53989202
687,2.400000095,70,0,0,0,0,0,0,5.269946011
688,1.860000031,167.6344097,0,1,1,0.005965362,9.13242E-05,0.007305936,12.62034698
689,6.550000072,185.1297722,0,0,0,0,0,0,13.93748435
690,4.50999989,300.0000012,1,2,3,0.01,0.000273973,0.021917808,22.58548299
691,12.83999984,604.166669,1,3,4,0.00662069,0.000365297,0.029223744,45.48465325
692,10.64000022,1358.872189,10,21,31,0.022813036,0.00283105,0.226484018,102.3026153
693,3.199999928,280.6249961,0,0,0,0,0,0,21.12683684
694,1.900000036,56.36842113,0,0,0,0,0,0,4.243693373
695,0.300000012,140,0,0,0,0,0,0,10.53989202
696,2.900000095,120,0,1,1,0.008333333,9.13242E-05,0.007305936,9.034193161
697,1.970000029,100,0,0,0,0,0,0,7.528494301
698,1.840000033,110,0,0,0,0,0,0,8.281343731
699,1.399999954,374.2857131,0,0,0,0,0,0,28.17807858
700,0.400000006,110,0,0,0,0,0,0,8.281343731
701,0.370000005,60,0,0,0,0,0,0,4.517096581
702,2.400000054,445.8333356,0,0,0,0,0,0,33.56453726
703,0.699999988,110,0,0,0,0,0,0,8.281343731
704,1.600000001,110.625,0,0,0,0,0,0,8.328396821
705,0.349999994,130,0,1,1,0.007692308,9.13242E-05,0.007305936,9.787042591
706,3.769999981,270,4,5,9,0.033333333,0.000821918,0.065753425,20.32693461
707,0.349999994,180,0,1,1,0.005555556,9.13242E-05,0.007305936,13.55128974
708,19.72999999,854.1307633,6,13,19,0.022244837,0.00173516,0.138812785,64.30318584
709,0.389999986,280,1,2,3,0.010714286,0.000273973,0.021917808,21.07978404
710,2.019999966,464.3564343,1,0,1,0.002153518,9.13242E-05,0.007305936,34.95904769
711,0.550000012,214.5454566,0,0,0,0,0,0,16.15204247
712,14.91999985,618.344503,12,0,12,0.019406658,0.00109589,0.087671233,46.55203067
713,3.419999912,138.5964911,0,4,4,0.02886076,0.000365297,0.029223744,10.43422894
714,0.999999996,106.7999993,0,0,0,0,0,0,8.040431862
715,7.670000076,710.9778301,6,6,12,0.016878163,0.00109589,0.087671233,53.52592542
716,1,30,0,0,0,0,0,0,2.25854829
717,9.97999984,273.6152279,1,2,3,0.010964302,0.000273973,0.021917808,20.59910684
718,0.800000012,130,0,0,0,0,0,0,9.787042591
719,4.100000024,522.6829286,0,1,1,0.001913206,9.13242E-05,0.007305936,39.35015449
720,0.629999995,221.746032,0,1,1,0.004509664,9.13242E-05,0.007305936,16.69413738
721,1.210000038,130,0,0,0,0,0,0,9.787042591
722,5.329999952,120.3939962,0,1,1,0.008306062,9.13242E-05,0.007305936,9.063855146
723,5.549999952,122.6126112,0,0,0,0,0,0,9.230883448
724,1.700000048,20,0,0,0,0,0,0,1.50569886
725,0.600000024,130,0,0,0,0,0,0,9.787042591
726,5.7099998,1169.001753,4,0,4,0.003421723,0.000365297,0.029223744,88.00823037
727,2.839999914,240,1,7,8,0.033333333,0.000730594,0.058447489,18.06838632
728,3.5,20,0,0,0,0,0,0,1.50569886
729,7.120000005,2813.483096,11,20,31,0.011018371,0.00283105,0.226484018,211.8129146
730,0.300000012,100,0,0,0,0,0,0,7.528494301
731,2.050000049,641.21951,0,1,1,0.001559528,9.13242E-05,0.007305936,48.27417427
732,2.900000095,1200,4,0,4,0.003333333,0.000365297,0.029223744,90.34193161
733,0.200000003,30,0,0,0,0,0,0,2.25854829
734,0.599999994,154.9999983,0,0,0,0,0,0,11.66916604
735,2.299999952,70,0,0,0,0,0,0,5.269946011
736,3.149999917,118.4127003,0,0,0,0,0,0,8.914693391
737,2.00000006,40.75000001,0,1,1,0.024539877,9.13242E-05,0.007305936,3.067861428
738,2.200000048,1100,1,1,2,0.001818182,0.000182648,0.014611872,82.81343731
739,0.029999999,40,0,1,1,0.025,9.13242E-05,0.007305936,3.01139772
740,1,120,0,0,0,0,0,0,9.034193161
741,0.400000006,70,0,0,0,0,0,0,5.269946011
742,2.689999968,11000,9,12,21,0.001909091,0.001917808,0.153424658,828.1343731
743,13.33999996,7269.970041,30,72,102,0.014030319,0.009315068,0.745205479,547.3192803
744,1.149999991,398.7826127,0,2,2,0.005015264,0.000182648,0.014611872,30.02232627
745,2.379999952,66.09243705,0,3,3,0.045390973,0.000273973,0.021917808,4.975765357
746,1.199999988,135.8333338,0,0,0,0,0,0,10.22620479
747,1.600000024,120,0,1,1,0.008333333,9.13242E-05,0.007305936,9.034193161
748,0.5,120,0,0,0,0,0,0,9.034193161
749,0.200000003,60,0,0,0,0,0,0,4.517096581
750,1.230000019,240,0,0,0,0,0,0,18.06838632
751,0.750000007,445.8666692,0,1,1,0.002242823,9.13242E-05,0.007305936,33.56704678
752,0.319999993,60,0,0,0,0,0,0,4.517096581
753,0.450000018,143.3333333,0,0,0,0,0,0,10.79084183
754,0.189999998,70,0,0,0,0,0,0,5.269946011
755,0.219999999,220,1,0,1,0.004545455,9.13242E-05,0.007305936,16.56268746
756,0.300000012,20,0,0,0,0,0,0,1.50569886
757,0.100000001,70,0,0,0,0,0,0,5.269946011
758,1.25,290,0,0,0,0,0,0,21.83263347
759,0.600000024,300,0,0,0,0,0,0,22.5854829
760,1.530000031,133.5294122,1,0,1,0.007488987,9.13242E-05,0.007305936,10.05275419
761,1.399999976,230,2,2,4,0.017391304,0.000365297,0.029223744,17.31553689
762,0.800000012,150,0,0,0,0,0,0,11.29274145
763,0.100000001,1200,0,0,0,0,0,0,90.34193161
764,1.069999993,106.7289712,0,0,0,0,0,0,8.035084512
765,0.699999988,120,0,0,0,0,0,0,9.034193161
766,0.819999993,150,0,0,0,0,0,0,11.29274145
767,0.990000028,49.39393967,0,1,1,0.020245399,9.13242E-05,0.007305936,3.718619933
768,0.389999986,4300,0,0,0,0,0,0,323.7252549
769,1.899999991,392.6315777,2,3,5,0.012734584,0.000456621,0.03652968,29.55924595
770,0.200000003,9,0,0,0,0,0,0,0.677564487
771,0.620000005,191.9354847,0,0,0,0,0,0,14.44985202
772,0.370000005,70,0,2,2,0.028571429,0.000182648,0.014611872,5.269946011
773,0.649999976,820,0,0,0,0,0,0,61.73365327
774,2.900000095,120,0,0,0,0,0,0,9.034193161
775,0.059999999,70,0,0,0,0,0,0,5.269946011
776,2,30,0,1,1,0.033333333,9.13242E-05,0.007305936,2.25854829
777,1.549999952,120,0,0,0,0,0,0,9.034193161
778,0.300000012,50,0,0,0,0,0,0,3.764247151
779,0.469999999,90,0,0,0,0,0,0,6.775644871
780,0.469999999,3100,0,0,0,0,0,0,233.3833233
781,1.049999952,5400,0,0,0,0,0,0,406.5386923
782,0.730000013,78.21917762,3,2,5,0.063922943,0.000456621,0.03652968,5.888726329
783,0.699999988,10,0,0,0,0,0,0,0.75284943
784,3.199999928,201.5625023,1,0,1,0.00496124,9.13242E-05,0.007305936,15.1746215
785,1.400000006,247.1428578,1,2,3,0.012138728,0.000273973,0.021917808,18.60613596
786,0.449999988,770,2,0,2,0.002597403,0.000182648,0.014611872,57.96940612
787,0.910000026,300,0,0,0,0,0,0,22.5854829
788,0.970000029,1500,0,0,0,0,0,0,112.9274145
789,0.649999976,440,1,5,6,0.013636364,0.000547945,0.043835616,33.12537493
790,0.300000012,180,0,0,0,0,0,0,13.55128974
791,0.550000012,470,0,0,0,0,0,0,35.38392322
792,0.349999994,110,0,0,0,0,0,0,8.281343731
793,0.330000013,50,0,0,0,0,0,0,3.764247151
794,0.200000003,60,1,0,1,0.016666667,9.13242E-05,0.007305936,4.517096581
795,15.28999998,831.5696449,13,10,23,0.027658537,0.002100457,0.16803653,62.60467332
796,1.01000002,293.5643562,2,0,2,0.006812816,0.000182648,0.014611872,22.10097583
797,0.600000013,569.1666669,0,1,1,0.001756955,9.13242E-05,0.007305936,42.84968008
798,0.02,10,0,0,0,0,0,0,0.75284943
799,0.400000006,380,2,1,3,0.007894737,0.000273973,0.021917808,28.60827834
800,1.399999976,1100,1,2,3,0.002727273,0.000273973,0.021917808,82.81343731
801,0.120000001,104.9999998,0,0,0,0,0,0,7.904919005
802,0.430000007,340,0,0,0,0,0,0,25.59688062
803,0.400000006,20,0,0,0,0,0,0,1.50569886
804,0.400000006,150,0,0,0,0,0,0,11.29274145
805,0.25999999,70,0,0,0,0,0,0,5.269946011
806,0.379999995,220,0,0,0,0,0,0,16.56268746
807,0.300000012,70,0,0,0,0,0,0,5.269946011
808,1.229999989,318.7804829,0,0,0,0,0,0,23.99937049
809,1.660000015,468.9156642,0,0,0,0,0,0,35.30228906
810,19.96999992,1004.621925,14,6,20,0.019907987,0.001826484,0.146118721,75.63290434
811,2.799999952,73.57142863,0,1,1,0.013592233,9.13242E-05,0.007305936,5.538820812
812,0.400000006,20,0,0,0,0,0,0,1.50569886
813,0.5,70,0,0,0,0,0,0,5.269946011
814,0.200000003,40,0,0,0,0,0,0,3.01139772
815,0.079999998,120,0,0,0,0,0,0,9.034193161
816,0.400000006,248.7500042,0,1,1,0.0040201,9.13242E-05,0.007305936,18.72712989
817,0.400000006,100,0,0,0,0,0,0,7.528494301
818,0.25,30,0,0,0,0,0,0,2.25854829
819,0.200000003,80,0,0,0,0,0,0,6.022795441
820,0.729999987,422.739726,0,0,0,0,0,0,31.82593618
821,1.299999952,120,0,0,0,0,0,0,9.034193161
822,0,0,0,0,0,0,0,0,0
823,0.150000006,50,0,0,0,0,0,0,3.764247151
824,1.639999986,268.2926838,0,0,0,0,0,0,20.19839941
825,0.480000004,324.9999921,0,0,0,0,0,0,24.46760588
826,0.449999988,120,0,0,0,0,0,0,9.034193161
827,0.400000006,300,0,0,0,0,0,0,22.5854829
828,0.25,70,0,0,0,0,0,0,5.269946011
829,1.00999999,240,0,0,0,0,0,0,18.06838632
830,0.509999994,219.4117647,0,0,0,0,0,0,16.5184022
831,0.170000002,100,0,0,0,0,0,0,7.528494301
832,0.050000001,120,0,0,0,0,0,0,9.034193161
833,0.039999999,80,0,0,0,0,0,0,6.022795441
834,0.039999999,70,0,0,0,0,0,0,5.269946011
835,0.07,100,0,0,0,0,0,0,7.528494301
836,0.239999995,90,0,0,0,0,0,0,6.775644871
837,0.099999998,225,0,0,0,0,0,0,16.93911218
838,0.07,309.9999957,0,0,0,0,0,0,23.33833201
839,1.019999981,290,0,1,1,0.003448276,9.13242E-05,0.007305936,21.83263347
840,0.360000014,130,0,0,0,0,0,0,9.787042591
841,0.129999995,500,0,0,0,0,0,0,37.64247151
842,0.300000012,70,0,0,0,0,0,0,5.269946011
844,0.75999999,410,0,0,0,0,0,0,30.86682663
845,0.569999993,140,0,1,1,0.007142857,9.13242E-05,0.007305936,10.53989202
846,1.459999979,407.3972603,0,1,1,0.002454607,9.13242E-05,0.007305936,30.67087952
847,0.389999986,70,0,0,0,0,0,0,5.269946011
848,0.569999993,150,0,0,0,0,0,0,11.29274145
850,0.49000001,480,0,0,0,0,0,0,36.13677265
851,0.409999996,2653.658537,0,1,1,0.000376838,9.13242E-05,0.007305936,199.7805317
852,1.209999997,2359.157026,0,12,12,0.005086563,0.00109589,0.087671233,177.6090023
853,0.49000001,180,0,0,0,0,0,0,13.55128974
854,1.270000003,1433.070863,1,2,3,0.002093407,0.000273973,0.021917808,107.8886583
855,0.629999995,1500,0,0,0,0,0,0,112.9274145
856,0.400000006,130,0,1,1,0.007692308,9.13242E-05,0.007305936,9.787042591
859,1.120000005,610,0,0,0,0,0,0,45.92381524
860,0.280000001,1000,1,1,2,0.002,0.000182648,0.014611872,75.28494301
862,0.269999996,198.1481482,0,0,0,0,0,0,14.91757205
863,0.100000001,610,0,0,0,0,0,0,45.92381524
864,0.079999998,60,0,0,0,0,0,0,4.517096581
865,0.200000003,60,0,0,0,0,0,0,4.517096581
866,0.719999999,6133.055561,1,15,16,0.002608814,0.001461187,0.116894977,461.7267384
867,0,0,0,0,0,0,0,0,0
868,0.219999999,100,0,0,0,0,0,0,7.528494301
869,0.25,300,0,0,0,0,0,0,22.5854829
870,0.170000002,200,0,0,0,0,0,0,15.0569886
871,0.330000013,80,0,0,0,0,0,0,6.022795441
874,0.109999999,100,0,0,0,0,0,0,7.528494301
875,0.679999992,3039.7059,1,3,4,0.001315917,0.000365297,0.029223744,228.8440854
876,0.100000001,130,0,0,0,0,0,0,9.787042591
877,0.399999995,701.2500132,1,3,4,0.0057041,0.000365297,0.029223744,52.79356728
882,0.100000001,560,0,0,0,0,0,0,42.15956809
890,0,0,0,0,0,0,0,0,0
1000,0.230000004,880,0,3,3,0.003409091,0.000273973,0.021917808,66.25074985
1001,0.5,429.3999997,0,0,0,0,0,0,32.3273545
1002,0.300000012,110,0,0,0,0,0,0,8.281343731
1003,1.109999955,86.39639646,0,0,0,0,0,0,6.504347784
1004,0.100000001,60,0,0,0,0,0,0,4.517096581
1005,0.200000003,60,0,0,0,0,0,0,4.517096581
1006,0.129999995,30,0,0,0,0,0,0,2.25854829
1007,0.629999995,90,0,0,0,0,0,0,6.775644871
1008,0.150000006,40,0,0,0,0,0,0,3.01139772
1009,0.189999998,40,0,0,0,0,0,0,3.01139772
1010,0.230000004,70,0,0,0,0,0,0,5.269946011
1011,0.100000001,110,0,0,0,0,0,0,8.281343731
1012,0.109999999,70,0,1,1,0.014285714,9.13242E-05,0.007305936,5.269946011
1013,0.360000014,70,0,1,1,0.014285714,9.13242E-05,0.007305936,5.269946011
1015,0.95999999,376.5625052,0,0,0,0,0,0,28.34948675
1016,0.209999993,30,0,0,0,0,0,0,2.25854829
1017,1.219999969,233.6065574,0,0,0,0,0,0,17.58705636
1018,0.129999995,50,0,0,0,0,0,0,3.764247151
1019,0.180000007,50,0,0,0,0,0,0,3.764247151
1020,0.479999989,240,0,0,0,0,0,0,18.06838632
1021,0.140000001,30,0,0,0,0,0,0,2.25854829
1022,0,0,0,0,0,0,0,0,0
1023,0,0,0,0,0,0,0,0,0
1024,0.25999999,70,0,1,1,0.014285714,9.13242E-05,0.007305936,5.269946011
1025,0.200000003,90,0,0,0,0,0,0,6.775644871
1026,0.07,70,0,0,0,0,0,0,5.269946011
1027,0.310000002,170,0,0,0,0,0,0,12.79844031
1028,0,0,0,0,0,0,0,0,0
1029,0,0,0,0,0,0,0,0,0
1030,0.910000026,720,0,0,0,0,0,0,54.20515897
1031,0.189999998,48,0,0,0,0,0,0,3.613677265
1032,0.090000004,70,0,0,0,0,0,0,5.269946011
1033,1.00999999,1000,0,0,0,0,0,0,75.28494301
1034,0.209999993,60,0,0,0,0,0,0,4.517096581
1035,0.149999999,419.999997,0,0,0,0,0,0,31.61967584
1036,0.050000001,230,0,0,0,0,0,0,17.31553689
1037,0.170000002,205.8823534,0,0,0,0,0,0,15.49984124
1038,0.140000001,100,0,0,0,0,0,0,7.528494301
1039,0.25999999,70,0,0,0,0,0,0,5.269946011
1040,0.170000002,45,0,0,0,0,0,0,3.387822436
1041,2.160000086,500,0,0,0,0,0,0,37.64247151
1042,0.769999981,50,0,0,0,0,0,0,3.764247151
1043,0.529999971,50,0,0,0,0,0,0,3.764247151
1045,0.280000009,590.7142847,0,0,0,0,0,0,44.47189126
1046,0.119999997,170,0,0,0,0,0,0,12.79844031
1047,0.170000002,40,0,0,0,0,0,0,3.01139772
1048,0,0,0,0,0,0,0,0,0
1049,0.25,60,0,0,0,0,0,0,4.517096581
1050,0.210000001,194.2857134,0,0,0,0,0,0,14.62678886
1051,0.129999995,45,0,0,0,0,0,0,3.387822436
1052,0.140000004,136.4285723,0,0,0,0,0,0,10.27101729
1053,0.550000012,220,0,0,0,0,0,0,16.56268746
1054,0.430000007,4000,0,0,0,0,0,0,301.139772
1055,0.100000001,40,0,0,0,0,0,0,3.01139772
1056,0.870000005,130,0,0,0,0,0,0,9.787042591
1057,0.109999999,30,0,0,0,0,0,0,2.25854829
1060,0.140000001,30,0,0,0,0,0,0,2.25854829
1061,0.209999993,30,0,0,0,0,0,0,2.25854829
1063,0.639999986,230,0,0,0,0,0,0,17.31553689
1064,0.720000029,220,0,0,0,0,0,0,16.56268746
1065,0.07,30,0,0,0,0,0,0,2.25854829
1066,0.180000007,70,0,0,0,0,0,0,5.269946011
1067,0.090000004,40,0,0,0,0,0,0,3.01139772
1070,0.580000013,108.2758632,0,0,0,0,0,0,8.151542193
1071,0.079999998,50,0,0,0,0,0,0,3.764247151
1072,0.409999989,180.2439022,1,0,1,0.005548038,9.13242E-05,0.007305936,13.56965191
1073,0.140000001,20,0,0,0,0,0,0,1.50569886
1074,0.039999999,20,0,0,0,0,0,0,1.50569886
1075,0.340000004,67.64705868,0,0,0,0,0,0,5.092804958
1076,0.189999998,30,0,0,0,0,0,0,2.25854829
1077,0.389999986,50,0,0,0,0,0,0,3.764247151
1078,0.07,20,0,0,0,0,0,0,1.50569886
1079,0.140000001,30,0,0,0,0,0,0,2.25854829
1080,0.200000003,180,0,0,0,0,0,0,13.55128974
1081,0.400000006,220,0,1,1,0.004545455,9.13242E-05,0.007305936,16.56268746
1082,0.100000001,80,0,0,0,0,0,0,6.022795441
1083,0.200000003,80,0,0,0,0,0,0,6.022795441
1084,0.300000012,200,0,1,1,0.005,9.13242E-05,0.007305936,15.0569886
1085,0.140000001,80,0,1,1,0.0125,9.13242E-05,0.007305936,6.022795441
1086,0.600000024,1300,0,0,0,0,0,0,97.87042591
1087,0.180000007,340,0,0,0,0,0,0,25.59688062
1088,0.050000001,70,0,0,0,0,0,0,5.269946011
1089,0.220000003,317.272727,0,0,0,0,0,0,23.88585917
1090,1,1200,0,1,1,0.000833333,9.13242E-05,0.007305936,90.34193161
1091,0.449999988,410,0,0,0,0,0,0,30.86682663
1092,0.050000001,60,0,0,0,0,0,0,4.517096581
1093,0.150000006,100,0,0,0,0,0,0,7.528494301
1094,0.319999993,140,0,0,0,0,0,0,10.53989202
1095,0.330000013,90,0,0,0,0,0,0,6.775644871
1096,0.119999997,60,0,0,0,0,0,0,4.517096581
1097,0.150000006,340,0,0,0,0,0,0,25.59688062
1098,0.059999999,140,0,0,0,0,0,0,10.53989202
1099,0.170000002,90,0,1,1,0.011111111,9.13242E-05,0.007305936,6.775644871
1100,0,0,0,1,1,0,9.13242E-05,0.007305936,0
1101,0.23,897.3913117,0,1,1,0.001114341,9.13242E-05,0.007305936,67.56005376
1102,0.330000013,200,0,0,0,0,0,0,15.0569886
1103,0.189999998,260,0,0,0,0,0,0,19.57408518
1105,0.150000006,180,0,1,1,0.005555556,9.13242E-05,0.007305936,13.55128974
1106,0.299999997,259.999998,0,0,0,0,0,0,19.57408503
1107,0.059999999,500,0,0,0,0,0,0,37.64247151
1108,0.170000002,230,0,0,0,0,0,0,17.31553689
1109,0.210000001,97.14285775,0,0,0,0,0,0,7.31339451
1110,0.140000001,40,0,0,0,0,0,0,3.01139772
1111,0.119999997,60,0,0,0,0,0,0,4.517096581
1112,0.379999995,1000,0,3,3,0.003,0.000273973,0.021917808,75.28494301
1113,0.339999996,905.8823452,0,2,2,0.002207792,0.000182648,0.014611872,68.19930073
1114,0.170000002,170,0,0,0,0,0,0,12.79844031
1115,0.280000001,1500,0,1,1,0.000666667,9.13242E-05,0.007305936,112.9274145
1116,0.150000006,12000,2,12,14,0.001166667,0.001278539,0.102283105,903.4193161
1117,0.519999981,6300,0,2,2,0.00031746,0.000182648,0.014611872,474.295141
1118,0.100000001,140,0,0,0,0,0,0,10.53989202
1119,0.050000001,50,0,0,0,0,0,0,3.764247151
1120,0.730000004,300.6849306,0,0,0,0,0,0,22.63704787
1121,0.170000002,90,0,0,0,0,0,0,6.775644871
1122,0.520000007,110.3846141,0,0,0,0,0,0,8.31029938
1123,0.190000005,55.26315783,0,0,0,0,0,0,4.160483688
1124,0.439999998,30,0,0,0,0,0,0,2.25854829
1125,0.469999999,30,0,0,0,0,0,0,2.25854829
1126,0.389999986,50,0,0,0,0,0,0,3.764247151
1127,0.039999999,160,0,0,0,0,0,0,12.04559088
1128,0.07,240,0,0,0,0,0,0,18.06838632
1129,0.129999995,500,0,0,0,0,0,0,37.64247151
1130,0.469999999,2100,0,0,0,0,0,0,158.0983803
1131,0.129999999,483.0769179,0,0,0,0,0,0,36.36841823
1132,0.039999999,300,0,0,0,0,0,0,22.5854829
1133,0.090000004,140,0,0,0,0,0,0,10.53989202
1134,0.100000001,290,0,0,0,0,0,0,21.83263347
1135,0.399999999,382.5000034,0,0,0,0,0,0,28.79649096
1136,0.289999992,370,0,0,0,0,0,0,27.85542891
1137,0.200000003,110,0,0,0,0,0,0,8.281343731
1138,0.189999998,270,0,0,0,0,0,0,20.32693461
1139,0.039999999,60,0,0,0,0,0,0,4.517096581
1140,1.079999983,5275.925926,1,9,10,0.001895402,0.000913242,0.073059361,397.1977827
1141,0.460000005,569.5652182,0,0,0,0,0,0,42.87968499
1142,0.109999999,110,0,0,0,0,0,0,8.281343731
1143,0.079999998,90,0,0,0,0,0,0,6.775644871
1144,0.090000004,140,0,0,0,0,0,0,10.53989202
1145,0.200000003,170,0,0,0,0,0,0,12.79844031
1146,0.439999998,2200,0,0,0,0,0,0,165.6268746
1147,0.029999999,80,0,0,0,0,0,0,6.022795441
1148,0.109999999,150,0,0,0,0,0,0,11.29274145
1149,0.039999999,46,0,0,0,0,0,0,3.463107379
1150,1.419999994,3562.816857,0,4,4,0.001122707,0.000365297,0.029223744,268.226464
1151,0.159999998,184.0624984,0,0,0,0,0,0,13.8571347
1152,0.100000001,180,0,0,0,0,0,0,13.55128974
1153,0.109999999,190,0,0,0,0,0,0,14.30413917
1154,0.370000001,224.5945942,0,0,0,0,0,0,16.90859123
1155,0.079999998,110,0,0,0,0,0,0,8.281343731
1156,0.050000001,60,0,0,0,0,0,0,4.517096581
1157,0.469999999,110,0,0,0,0,0,0,8.281343731
1158,0.07,50,0,0,0,0,0,0,3.764247151
1160,0.029999999,70,0,0,0,0,0,0,5.269946011
1161,0.029999999,100,0,0,0,0,0,0,7.528494301
1162,0.079999998,220,0,0,0,0,0,0,16.56268746
1163,0.200000003,124.5000001,0,0,0,0,0,0,9.372975413
1164,0.300000001,450.0000019,0,0,0,0,0,0,33.8782245
1165,0.529999971,3000,0,1,1,0.000333333,9.13242E-05,0.007305936,225.854829
1166,0.300000012,180,0,0,0,0,0,0,13.55128974
1167,1.029999994,816.3106788,0,1,1,0.001225024,9.13242E-05,0.007305936,61.45590293
1168,0.370000003,210.5405402,0,0,0,0,0,0,15.85053257
1169,0.150000006,190,0,0,0,0,0,0,14.30413917
1170,0.450000018,124,0,0,0,0,0,0,9.335332933
1171,0.379999995,1400,0,0,0,0,0,0,105.3989202
1172,0.259999996,134.9999999,0,0,0,0,0,0,10.1634673
1173,0.100000001,140,0,0,0,0,0,0,10.53989202
1174,0.430000007,500,1,0,1,0.002,9.13242E-05,0.007305936,37.64247151
1175,0.280000001,2000,0,1,1,0.0005,9.13242E-05,0.007305936,150.569886
1176,0.140000001,1500,0,0,0,0,0,0,112.9274145
1177,1.320000021,1127.500003,0,0,0,0,0,0,84.88377344
1178,0.219999995,295.4545455,0,0,0,0,0,0,22.24327862
1179,0.100000001,120,0,0,0,0,0,0,9.034193161
1180,0.150000006,350,0,0,0,0,0,0,26.34973005
1181,0.07,270,0,0,0,0,0,0,20.32693461
1182,0.50999999,354.5098038,0,0,0,0,0,0,26.68925038
1183,0.07,180,0,0,0,0,0,0,13.55128974
1184,0.07,130,0,0,0,0,0,0,9.787042591
1185,0.07,190,0,0,0,0,0,0,14.30413917
1186,0.119999997,130,0,0,0,0,0,0,9.787042591
1187,0.029999999,80,0,0,0,0,0,0,6.022795441
1188,0.16,188.7499989,0,0,0,0,0,0,14.21003291
1189,0.109999999,120,0,0,0,0,0,0,9.034193161
1190,0.310000002,50,0,0,0,0,0,0,3.764247151
1191,0.349999994,46,0,0,0,0,0,0,3.463107379
1192,0.029999999,60,0,0,0,0,0,0,4.517096581
1193,0.189999998,140,0,0,0,0,0,0,10.53989202
1194,0.300000012,520,0,0,0,0,0,0,39.14817037
1195,0.109999999,127.2727278,0,0,0,0,0,0,9.581720061
1196,0.07,48,0,0,0,0,0,0,3.613677265
1197,0.150000002,95.33333239,0,0,0,0,0,0,7.177164496
1198,0.079999998,120,0,0,0,0,0,0,9.034193161
1199,0.280000001,200,0,0,0,0,0,0,15.0569886
1200,0.150000006,250,0,0,0,0,0,0,18.82123575
1201,0.49000001,110,0,1,1,0.009090909,9.13242E-05,0.007305936,8.281343731
1202,0.880000021,449.5454563,0,0,0,0,0,0,33.84400406
1203,0.100000001,100,0,0,0,0,0,0,7.528494301
1204,0.799999997,1586.25,0,4,4,0.002521671,0.000365297,0.029223744,119.4207409
1205,0.200000003,170,0,0,0,0,0,0,12.79844031
1206,0.829999983,460,1,0,1,0.002173913,9.13242E-05,0.007305936,34.63107379
1207,0.450000007,196.0000008,0,0,0,0,0,0,14.75584889
1208,0.079999998,40,0,0,0,0,0,0,3.01139772
1209,0.219999999,110,0,1,1,0.009090909,9.13242E-05,0.007305936,8.281343731
1210,0.129999995,90,1,0,1,0.011111111,9.13242E-05,0.007305936,6.775644871
1211,0.430000015,153.0232546,0,0,0,0,0,0,11.520347
1212,0.129999995,100,0,0,0,0,0,0,7.528494301
1213,0.140000001,260,0,10,10,0.038461538,0.000913242,0.073059361,19.57408518
1214,0.199999996,96,0,0,0,0,0,0,7.227354529
1215,0.25,60,0,0,0,0,0,0,4.517096581
1216,0.200000003,160,0,0,0,0,0,0,12.04559088
1217,0.050000001,700,0,0,0,0,0,0,52.69946011
1218,0.07,50,0,0,0,0,0,0,3.764247151
1219,0.07,40,0,0,0,0,0,0,3.01139772
1220,0.199999999,186.9999986,0,0,0,0,0,0,14.07828424
1221,0.339999996,68.23529381,0,0,0,0,0,0,5.137090206
1222,0.340000011,66.47058777,0,1,1,0.015044248,9.13242E-05,0.007305936,5.004234412
1223,0.150000006,140,0,0,0,0,0,0,10.53989202
1224,0,0,0,0,0,0,0,0,0
1225,0.079999998,40,0,0,0,0,0,0,3.01139772
1226,0.519999988,364.6153859,0,0,0,0,0,0,27.45004855
1227,0.150000006,60,0,0,0,0,0,0,4.517096581
1228,0.379999995,230,0,0,0,0,0,0,17.31553689
1229,0.07,20,0,0,0,0,0,0,1.50569886
1230,0.119999997,350,0,0,0,0,0,0,26.34973005
1231,0.109999999,100,0,0,0,0,0,0,7.528494301
1232,0.180000007,90,0,0,0,0,0,0,6.775644871
1233,0.090000004,190,0,0,0,0,0,0,14.30413917
1234,0.059999999,90,0,0,0,0,0,0,6.775644871
1235,0.540000021,210,0,0,0,0,0,0,15.80983803
1236,0.25,47.80000001,0,0,0,0,0,0,3.598620277
1237,0.230000004,100,0,0,0,0,0,0,7.528494301
1238,0.289999992,70,0,0,0,0,0,0,5.269946011
1239,0.029999999,60,0,0,0,0,0,0,4.517096581
1240,0.409999996,1500,0,0,0,0,0,0,112.9274145
1241,0.530000009,384.7169811,0,0,0,0,0,0,28.96339599
1242,0.07,100,0,0,0,0,0,0,7.528494301
1243,0.050000001,80,0,0,0,0,0,0,6.022795441
1244,0.59999999,375.6666669,0,0,0,0,0,0,28.28204361
1245,0.050000001,130,0,0,0,0,0,0,9.787042591
1246,0.219999999,160,0,0,0,0,0,0,12.04559088
1247,0.109999999,210,0,0,0,0,0,0,15.80983803
1248,0.469999999,100,0,0,0,0,0,0,7.528494301
1249,0.029999999,120,0,0,0,0,0,0,9.034193161
1250,0.430000015,3741.860476,0,0,0,0,0,0,281.7057527
1251,0.74000001,3100,0,0,0,0,0,0,233.3833233
1252,0.129999995,150,0,0,0,0,0,0,11.29274145
1253,0.039999999,380,0,0,0,0,0,0,28.60827834
1254,0.140000001,380,0,0,0,0,0,0,28.60827834
1255,0.029999999,110,0,0,0,0,0,0,8.281343731
1256,0.029999999,140,0,0,0,0,0,0,10.53989202
1257,0.230000004,380,0,0,0,0,0,0,28.60827834
1258,0.189999998,440,0,0,0,0,0,0,33.12537493
1259,0.100000001,290,0,0,0,0,0,0,21.83263347
1260,0.200000003,266.4999952,0,0,0,0,0,0,20.06343695
1261,0.119999997,360,0,0,0,0,0,0,27.10257948
1262,0.239999998,123.333333,0,0,0,0,0,0,9.285142944
1263,0.059999999,90,0,0,0,0,0,0,6.775644871
1264,0.029999999,80,0,0,0,0,0,0,6.022795441
1265,0.159999996,80,0,0,0,0,0,0,6.022795441
1266,0.07,200,0,0,0,0,0,0,15.0569886
1267,0.100000001,30,0,0,0,0,0,0,2.25854829
1268,0.129999995,40,0,0,0,0,0,0,3.01139772
1269,0.109999999,180,0,0,0,0,0,0,13.55128974
1270,0.960000008,993.1249998,0,2,2,0.002013845,0.000182648,0.014611872,74.76735901
1271,0.170000002,100,0,0,0,0,0,0,7.528494301
1272,0.090000004,40,0,0,0,0,0,0,3.01139772
1273,0.230000004,630,0,0,0,0,0,0,47.4295141
1274,0.109999999,100,0,0,0,0,0,0,7.528494301
1275,0.119999997,130,0,0,0,0,0,0,9.787042591
1276,0.079999998,150,0,0,0,0,0,0,11.29274145
1277,0.07,190,0,0,0,0,0,0,14.30413917
1278,0.200000003,150,0,0,0,0,0,0,11.29274145
1279,0.109999999,220,0,0,0,0,0,0,16.56268746
1280,0.109999999,70,0,0,0,0,0,0,5.269946011
1281,0.310000002,270,0,1,1,0.003703704,9.13242E-05,0.007305936,20.32693461
1282,0.239999995,80,0,0,0,0,0,0,6.022795441
1283,0.450000003,203.3333334,0,1,1,0.004918033,9.13242E-05,0.007305936,15.30793842
1284,0.059999999,880,0,0,0,0,0,0,66.25074985
1285,0.150000006,200,0,0,0,0,0,0,15.0569886
1286,0.07,220,0,0,0,0,0,0,16.56268746
1287,0.150000006,220,0,0,0,0,0,0,16.56268746
1288,0.090000004,230,0,0,0,0,0,0,17.31553689
1291,0.079999998,100,0,0,0,0,0,0,7.528494301
1292,0.069999998,48.57142857,0,0,0,0,0,0,3.656697232
1295,0.090000004,80,0,0,0,0,0,0,6.022795441
1296,0.050000001,80,0,0,0,0,0,0,6.022795441
1297,0.310000002,188.0645151,0,0,0,0,0,0,14.1584263
1298,0,0,0,1,1,0,9.13242E-05,0.007305936,0
1299,0,0,0,0,0,0,0,0,0
1303,0.200000003,200,0,0,0,0,0,0,15.0569886
1305,0.050000001,100,0,0,0,0,0,0,7.528494301
1306,0,0,0,0,0,0,0,0,0
1310,0.1,177.9999974,0,0,0,0,0,0,13.40071966
1312,0.039999999,410,0,0,0,0,0,0,30.86682663
1313,0.209999993,330,0,0,0,0,0,0,24.84403119
1315,0.610000014,7600,1,0,1,0.000131579,9.13242E-05,0.007305936,572.1655669
1316,0.129999995,410,0,0,0,0,0,0,30.86682663
1320,0.32,184.6875002,0,0,0,0,0,0,13.90418793
1321,0.379999992,165.7894737,0,0,0,0,0,0,12.48145108
1322,0.079999998,30,0,0,0,0,0,0,2.25854829
1323,0.119999997,500,0,0,0,0,0,0,37.64247151
1324,0,0,0,0,0,0,0,0,0
1325,0.109999999,90,0,0,0,0,0,0,6.775644871
1326,0.109999999,45,0,0,0,0,0,0,3.387822436
1327,0.059999999,45,0,0,0,0,0,0,3.387822436
1328,0,0,0,0,0,0,0,0,0
1329,0,0,0,0,0,0,0,0,0
1330,0.090000004,260,0,0,0,0,0,0,19.57408518
1331,0.430000007,303.7209329,0,0,0,0,0,0,22.86561312
1332,0.039999999,50,0,0,0,0,0,0,3.764247151
1333,0,0,0,0,0,0,0,0,0
1335,0.119999997,870,0,0,0,0,0,0,65.49790042
1340,0.140000001,4000,0,0,0,0,0,0,301.139772
1341,0.219999999,890,0,0,0,0,0,0,67.00359928
1342,0.419999987,390,0,0,0,0,0,0,29.36112777
1343,0.349999994,710,0,0,0,0,0,0,53.45230954
1345,0.220000003,183.1818183,0,0,0,0,0,0,13.79083275
1346,0.200000007,129.9999998,0,0,0,0,0,0,9.787042577
1347,0,0,0,0,0,0,0,0,0
1348,0,0,0,0,0,0,0,0,0
1349,0,0,0,0,0,0,0,0,0
1350,0.49000001,434.2857028,0,0,0,0,0,0,32.69517439
1351,0.280000001,510,0,0,0,0,0,0,38.39532094
1352,0.109999999,270,0,0,0,0,0,0,20.32693461
1353,0.549999997,122.5454546,0,0,0,0,0,0,9.225827564
1354,0.050000001,160,0,0,0,0,0,0,12.04559088
1355,0.430000007,330,0,0,0,0,0,0,24.84403119
1356,0.109999999,70,0,0,0,0,0,0,5.269946011
1357,0.159999996,30,0,0,0,0,0,0,2.25854829
1358,0,0,0,0,0,0,0,0,0
1359,0,0,0,0,0,0,0,0,0
1366,0,0,0,0,0,0,0,0,0
1367,0,0,0,0,0,0,0,0,0
1370,0,0,0,0,0,0,0,0,0
1371,0,0,0,0,0,0,0,0,0
1372,0,0,0,0,0,0,0,0,0
1373,0,0,0,0,0,0,0,0,0
1374,0.109999999,120,0,0,0,0,0,0,9.034193161
1375,0.100000001,110,0,0,0,0,0,0,8.281343731
1376,0.140000001,140,0,0,0,0,0,0,10.53989202
1377,0.100000001,90,0,0,0,0,0,0,6.775644871
1378,0.170000002,160,0,0,0,0,0,0,12.04559088
1379,0.059999999,40,0,0,0,0,0,0,3.01139772
1380,0.189999998,1000,0,0,0,0,0,0,75.28494301
1381,0.789999992,389.113929,0,0,0,0,0,0,29.29441997
1382,0.039999999,30,0,0,0,0,0,0,2.25854829
1383,0.140000001,120,0,0,0,0,0,0,9.034193161
1385,0.129999995,170,0,0,0,0,0,0,12.79844031
1386,0.150000006,160,0,0,0,0,0,0,12.04559088
1387,0.25,100,0,0,0,0,0,0,7.528494301
1388,0.029999999,30,0,0,0,0,0,0,2.25854829
1389,0.039999999,40,0,0,0,0,0,0,3.01139772
1390,0.519999981,160,0,0,0,0,0,0,12.04559088
1391,0.170000002,160,0,0,0,0,0,0,12.04559088
1392,0.050000001,20,0,0,0,0,0,0,1.50569886
1393,0.050000001,570,0,0,0,0,0,0,42.91241752
1394,0.379999995,100,1,0,1,0.01,9.13242E-05,0.007305936,7.528494301
1397,0.140000001,30,0,0,0,0,0,0,2.25854829
1398,0.079999998,220,0,1,1,0.004545455,9.13242E-05,0.007305936,16.56268746
1399,0,0,0,0,0,0,0,0,0
1400,0,0,0,0,0,0,0,0,0
1401,0.240000002,179.1666668,0,0,0,0,0,0,13.4885523
1402,0.050000001,70,0,0,0,0,0,0,5.269946011
1403,1.649999946,10751.51518,0,0,0,0,0,0,809.4272075
1404,0.489999996,368.3673483,1,1,2,0.005429363,0.000182648,0.014611872,27.73251482
1405,0.219999999,172.7272712,0,0,0,0,0,0,13.00376277
1406,0.510000013,205.6862755,0,0,0,0,0,0,15.48507953
1407,1.069999993,473.4579461,1,2,3,0.00633636,0.000273973,0.021917808,35.64425449
1408,0.059999999,240,1,1,2,0.008333333,0.000182648,0.014611872,18.06838632
1409,0.360000003,305.5555562,0,0,0,0,0,0,23.00373264
1410,0.090000004,60,0,0,0,0,0,0,4.517096581
1411,0.490000006,641.2244869,1,7,8,0.01247613,0.000730594,0.058447489,48.27454895
1412,0.059999999,80,0,0,0,0,0,0,6.022795441
1413,0.240000002,254.5833305,0,0,0,0,0,0,19.16629153
1414,0.090000004,210,0,0,0,0,0,0,15.80983803
1415,0.519999996,202.6923064,0,0,0,0,0,0,15.25967874
1416,0.340000004,488.2352936,0,0,0,0,0,0,36.75676626
1417,0.990000006,4504.040387,0,7,7,0.00155416,0.000639269,0.051141553,339.0864239
1418,0.610000011,487.2131121,0,0,0,0,0,0,36.67981138
1419,0.370000005,238.1081081,0,0,0,0,0,0,17.92595535
1420,0.129999995,140,0,0,0,0,0,0,10.53989202
1421,0.769999981,920,1,3,4,0.004347826,0.000365297,0.029223744,69.26214757
1422,0.419999987,100,0,0,0,0,0,0,7.528494301
1423,0.459999993,156.0869544,0,1,1,0.006406685,9.13242E-05,0.007305936,11.75099746
1424,0.209999997,184.2857133,0,0,0,0,0,0,13.87393942
1425,0.16,1118.749997,0,0,0,0,0,0,84.2250298
1426,0.050000001,100,0,0,0,0,0,0,7.528494301
1427,2.390000001,3200.711314,1,5,6,0.001874583,0.000547945,0.043835616,240.9653689
1428,1.680000007,684.9404747,1,0,1,0.001459981,9.13242E-05,0.007305936,51.5657046
1429,0.079999998,100,0,0,0,0,0,0,7.528494301
1430,0.340000004,510,1,1,2,0.003921569,0.000182648,0.014611872,38.39532094
1431,0.140000004,425.000002,0,0,0,0,0,0,31.99610093
1432,0.189999998,450,0,0,0,0,0,0,33.87822436
1433,0.510000005,169.4117651,0,0,0,0,0,0,12.75415508
1434,0.189999998,210,0,0,0,0,0,0,15.80983803
1435,0.119999997,280,0,0,0,0,0,0,21.07978404
1436,0.059999999,90,0,0,0,0,0,0,6.775644871
1437,0.119999997,105,0,0,0,0,0,0,7.904919016
1438,0.180000007,14000,0,5,5,0.000357143,0.000456621,0.03652968,1053.989202
1439,0.280000009,170,0,0,0,0,0,0,12.79844031
1440,0.249999998,116.8000002,0,0,0,0,0,0,8.793281359
1441,0.259999996,154.5000004,0,0,0,0,0,0,11.63152373
1442,0.090000004,170,0,0,0,0,0,0,12.79844031
1443,0.079999998,60,0,0,0,0,0,0,4.517096581
1444,0.220000006,1504.545457,0,1,1,0.000664653,9.13242E-05,0.007305936,113.269619
1445,0.790000025,535.822782,0,0,0,0,0,0,40.33938761
1446,0.720000006,301.9444456,0,0,0,0,0,0,22.73187038
1447,0.230000004,120,0,0,0,0,0,0,9.034193161
1448,0.280000001,380,0,0,0,0,0,0,28.60827834
1449,0.32,138.7500003,0,1,1,0.007207207,9.13242E-05,0.007305936,10.44578586
1450,0.050000001,40,0,0,0,0,0,0,3.01139772
1451,0.039999999,40,0,0,0,0,0,0,3.01139772
1452,0.789999992,836.4557011,0,1,1,0.001195521,9.13242E-05,0.007305936,62.97251979
1453,0.319999993,300,0,4,4,0.013333333,0.000365297,0.029223744,22.5854829
1454,0.239999995,280,0,0,0,0,0,0,21.07978404
1455,0.510000005,4300,0,1,1,0.000232558,9.13242E-05,0.007305936,323.7252549
1456,0.670000017,3300,0,3,3,0.000909091,0.000273973,0.021917808,248.4403119
1457,0.469999984,798.08511,0,2,2,0.002505998,0.000182648,0.014611872,60.08379203
1458,0.100000001,600,0,0,0,0,0,0,45.17096581
1459,0.079999998,240,0,0,0,0,0,0,18.06838632
1460,0.38000001,1134.210512,0,0,0,0,0,0,85.38897379
1461,0.169999998,780.5882372,0,0,0,0,0,0,58.76654095
1462,0.219999999,300.4545423,0,0,0,0,0,0,22.6197031
1463,0.239999995,225,0,0,0,0,0,0,16.93911218
1464,0.100000001,545,0,1,1,0.001834862,9.13242E-05,0.007305936,41.03029394
1465,0.039999999,200,0,0,0,0,0,0,15.0569886
1466,0.050000001,100,0,0,0,0,0,0,7.528494301
1467,0.039999999,90,0,0,0,0,0,0,6.775644871
1468,0.16,132.5000004,0,0,0,0,0,0,9.97525498
1469,0.029999999,90,0,0,0,0,0,0,6.775644871
1470,0.029999999,60,0,0,0,0,0,0,4.517096581
1471,0.029999999,120,0,0,0,0,0,0,9.034193161
1472,0.399999991,284,0,1,1,0.003521127,9.13242E-05,0.007305936,21.38092382
1473,0.149999999,119.3333332,0,0,0,0,0,0,8.984003191
1474,0.079999998,110,0,0,0,0,0,0,8.281343731
1475,0.059999999,80,0,0,0,0,0,0,6.022795441
1476,0.029999999,170,0,0,0,0,0,0,12.79844031
1477,0.079999998,60,0,0,0,0,0,0,4.517096581
1478,0.029999999,710,0,0,0,0,0,0,53.45230954
1479,0.149999999,355.9999988,0,0,0,0,0,0,26.80143962
1480,0.18,183.3333335,0,0,0,0,0,0,13.80223956
1481,0.079999998,582.5,0,1,1,0.001716738,9.13242E-05,0.007305936,43.8534793
1482,0.160000004,333.7500005,0,0,0,0,0,0,25.12634977
1483,0.100000001,250,0,0,0,0,0,0,18.82123575
1484,0.290000007,747.9310321,0,0,0,0,0,0,56.30794513
1485,0.100000001,100,0,1,1,0.01,9.13242E-05,0.007305936,7.528494301
1486,0.119999997,100,0,0,0,0,0,0,7.528494301
1487,0.059999999,80,0,0,0,0,0,0,6.022795441
1488,0.050000001,80,0,0,0,0,0,0,6.022795441
1489,0.050000001,170,0,0,0,0,0,0,12.79844031
1490,0.029999999,270,0,0,0,0,0,0,20.32693461
1491,0.119999997,130,0,0,0,0,0,0,9.787042591
1492,0.050000001,70,0,0,0,0,0,0,5.269946011
1493,0.689999998,300,0,1,1,0.003333333,9.13242E-05,0.007305936,22.5854829
1494,0.460000008,40,0,1,1,0.025,9.13242E-05,0.007305936,3.01139772
1495,0.059999999,680,0,0,0,0,0,0,51.19376125
1496,0.510000004,268.4313727,0,0,0,0,0,0,20.20884059
1497,0.100000001,180,0,0,0,0,0,0,13.55128974
1498,0.039999999,100,0,0,0,0,0,0,7.528494301
1499,0.090000004,240,0,0,0,0,0,0,18.06838632
1500,0.239999995,120,0,1,1,0.008333333,9.13242E-05,0.007305936,9.034193161
1501,0.420000002,967.1428567,1,2,3,0.00310192,0.000273973,0.021917808,72.81129485
1502,0.359999999,438.3333324,0,0,0,0,0,0,32.99989995
1503,0.209999993,700,0,0,0,0,0,0,52.69946011
1504,0.189999998,280,0,0,0,0,0,0,21.07978404
1505,0.399999991,217.2500003,0,0,0,0,0,0,16.35565389
1506,0.340000004,300,0,0,0,0,0,0,22.5854829
1507,0.170000002,120,0,0,0,0,0,0,9.034193161
1508,0.270000011,540,0,0,0,0,0,0,40.65386923
1509,0.129999995,140,0,0,0,0,0,0,10.53989202
1510,0.42,625.9523838,1,0,1,0.001597566,9.13242E-05,0.007305936,47.12478954
1511,0.190000005,250,0,0,0,0,0,0,18.82123575
1512,0.150000006,350,0,0,0,0,0,0,26.34973005
1513,0.029999999,70,0,0,0,0,0,0,5.269946011
1514,0.230000004,140,0,0,0,0,0,0,10.53989202
1515,0.900000006,117.0000009,0,0,0,0,0,0,8.8083384
1516,0.059999999,130,0,0,0,0,0,0,9.787042591
1517,0.129999995,280,0,0,0,0,0,0,21.07978404
1518,0.100000001,47,0,0,0,0,0,0,3.538392322
1519,0.079999998,200,0,0,0,0,0,0,15.0569886
1520,1.019999981,1478.823529,0,1,1,0.000676213,9.13242E-05,0.007305936,111.3331451
1521,0.909999996,1590.769253,0,5,5,0.003143133,0.000456621,0.03652968,119.7609726
1522,0.119999997,100,0,0,0,0,0,0,7.528494301
1523,0.389999993,123.3333329,0,0,0,0,0,0,9.285142938
1524,0.109999999,290,0,0,0,0,0,0,21.83263347
1525,0.25,400,0,0,0,0,0,0,30.1139772
1526,0.189999998,240,0,0,0,0,0,0,18.06838632
1527,0.18,169.4444446,0,0,0,0,0,0,12.75661535
1528,0.159999996,160,0,0,0,0,0,0,12.04559088
1529,0.220000006,159.0909086,0,0,0,0,0,0,11.97714999
1530,0.330000013,180,0,0,0,0,0,0,13.55128974
1531,0.34,81.17647078,0,0,0,0,0,0,6.111365977
1532,0.119999997,140,0,0,0,0,0,0,10.53989202
1533,0.189999998,80,0,13,13,0.1625,0.001187215,0.094977169,6.022795441
1534,0.150000006,70,0,0,0,0,0,0,5.269946011
1535,0.270000003,285.555556,0,0,0,0,0,0,21.49803376
1536,0.290000005,137.5862076,0,0,0,0,0,0,10.3581698
1537,0.159999996,180,0,0,0,0,0,0,13.55128974
1538,0.16,91.87499961,0,0,0,0,0,0,6.91680411
1539,0.050000001,40,0,0,0,0,0,0,3.01139772
1540,0.189999998,110,0,0,0,0,0,0,8.281343731
1541,0.469999999,170,1,1,2,0.011764706,0.000182648,0.014611872,12.79844031
1542,0.150000006,160,0,0,0,0,0,0,12.04559088
1543,0.409999996,110,0,0,0,0,0,0,8.281343731
1544,0.400000006,200,0,0,0,0,0,0,15.0569886
1545,0.119999997,70,0,0,0,0,0,0,5.269946011
1546,0.310000002,160,0,1,1,0.00625,9.13242E-05,0.007305936,12.04559088
1547,0.699999988,130,0,0,0,0,0,0,9.787042591
1548,0.829999983,370,0,0,0,0,0,0,27.85542891
1549,0.239999995,100,0,0,0,0,0,0,7.528494301
1550,0.300000012,150,0,0,0,0,0,0,11.29274145
1551,0.090000004,60,0,0,0,0,0,0,4.517096581
1552,0.109999999,60,0,0,0,0,0,0,4.517096581
1553,0.129999995,80,0,0,0,0,0,0,6.022795441
1554,0.860000014,90,0,0,0,0,0,0,6.775644871
1555,0.389999993,357.6923079,0,0,0,0,0,0,26.92884502
1556,0.230000004,140,0,0,0,0,0,0,10.53989202
1557,0.140000001,130,0,0,0,0,0,0,9.787042591
1558,0.100000001,280,0,0,0,0,0,0,21.07978404
1559,0.07,170,0,0,0,0,0,0,12.79844031
1560,0.219999999,80,0,0,0,0,0,0,6.022795441
1561,0.230000004,40,0,0,0,0,0,0,3.01139772
1562,0.119999997,2100,0,1,1,0.00047619,9.13242E-05,0.007305936,158.0983803
1563,0.140000001,80,0,0,0,0,0,0,6.022795441
1564,0.239999995,90,0,0,0,0,0,0,6.775644871
1565,0.200000003,120,0,2,2,0.016666667,0.000182648,0.014611872,9.034193161
1566,0.150000002,122.000001,0,0,0,0,0,0,9.184763126
1567,0.150000006,130,0,0,0,0,0,0,9.787042591
1568,0.150000006,70,0,0,0,0,0,0,5.269946011
1569,0.100000001,100,0,0,0,0,0,0,7.528494301
1570,0.239999995,340,0,0,0,0,0,0,25.59688062
1571,1.019999981,2200,0,0,0,0,0,0,165.6268746
1572,0.829999983,170,0,0,0,0,0,0,12.79844031
1573,0.589999974,250,0,0,0,0,0,0,18.82123575
1574,0.039999999,110,0,0,0,0,0,0,8.281343731
1575,0.440000009,1405.909088,0,1,1,0.000711284,9.13242E-05,0.007305936,105.8437856
1576,0.16,905.0000045,0,1,1,0.001104972,9.13242E-05,0.007305936,68.13287377
1577,0.260000002,262.3076921,1,2,3,0.01143695,0.000273973,0.021917808,19.74781965
1578,0.119999997,370,0,0,0,0,0,0,27.85542891
1579,0.07,180,0,1,1,0.005555556,9.13242E-05,0.007305936,13.55128974
1580,0.150000006,80,0,0,0,0,0,0,6.022795441
1581,0.119999997,40,0,0,0,0,0,0,3.01139772
1582,0.059999999,80,0,0,0,0,0,0,6.022795441
1583,0.439999998,210,0,0,0,0,0,0,15.80983803
1584,0.07,140,0,0,0,0,0,0,10.53989202
1585,0.129999995,210,0,0,0,0,0,0,15.80983803
1586,0.430000003,143.2558145,0,0,0,0,0,0,10.78500583
1587,0.059999999,45,0,0,0,0,0,0,3.387822436
1588,0.209999993,60,0,0,0,0,0,0,4.517096581
1589,0.180000007,40,0,0,0,0,0,0,3.01139772
1590,0.07,60,0,0,0,0,0,0,4.517096581
1591,0.299999997,112.9999987,0,0,0,0,0,0,8.507198459
1592,0.07,280,0,0,0,0,0,0,21.07978404
1593,0.050000001,230,0,0,0,0,0,0,17.31553689
1594,0.059999999,210,0,0,0,0,0,0,15.80983803
1595,0.140000001,150,0,0,0,0,0,0,11.29274145
1596,0.050000001,630,0,0,0,0,0,0,47.4295141
1597,0.219999999,330,0,0,0,0,0,0,24.84403119
1598,0.280000001,180,0,0,0,0,0,0,13.55128974
1600,0,0,0,0,0,0,0,0,0
1601,0.390000001,275.3846106,0,0,0,0,0,0,20.73231472
1602,0.090000004,150,0,0,0,0,0,0,11.29274145
1603,0.210000005,101.4285727,0,0,0,0,0,0,7.636044315
1604,0.489999991,116.5306123,0,0,0,0,0,0,8.773000506
1605,0.029999999,40,0,0,0,0,0,0,3.01139772
1606,0.029999999,30,0,0,0,0,0,0,2.25854829
1607,0.079999998,30,1,0,1,0.033333333,9.13242E-05,0.007305936,2.25854829
1608,0.129999995,70,0,0,0,0,0,0,5.269946011
1609,0.189999998,90,0,0,0,0,0,0,6.775644871
1610,0.630000025,224.7619048,0,0,0,0,0,0,16.92118719
1611,0.079999998,70,0,0,0,0,0,0,5.269946011
1612,0.200000003,120,0,0,0,0,0,0,9.034193161
1613,0.230000004,60,0,0,0,0,0,0,4.517096581
1614,0.180000007,40,0,0,0,0,0,0,3.01139772
1615,0.300000012,250,0,0,0,0,0,0,18.82123575
1616,0.530000001,146.0377346,0,0,0,0,0,0,10.99444253
1617,0.100000001,60,0,0,0,0,0,0,4.517096581
1618,0.140000001,80,0,0,0,0,0,0,6.022795441
1619,0.189999998,40,0,0,0,0,0,0,3.01139772
1620,0.289999992,650,0,0,0,0,0,0,48.93521296
1621,0.739999995,204.7297297,1,0,1,0.004884488,9.13242E-05,0.007305936,15.41306603
1622,0.200000003,210,0,0,0,0,0,0,15.80983803
1623,0.109999999,150,0,0,0,0,0,0,11.29274145
1624,0.100000001,70,0,0,0,0,0,0,5.269946011
1625,0.25,160,0,1,1,0.00625,9.13242E-05,0.007305936,12.04559088
1626,0.209999993,100,0,0,0,0,0,0,7.528494301
1627,0.209999993,20,0,0,0,0,0,0,1.50569886
1628,0.090000004,20,0,0,0,0,0,0,1.50569886
1629,0.230000004,280,0,0,0,0,0,0,21.07978404
1630,0.49000001,320,0,0,0,0,0,0,24.09118176
1631,0.140000001,120,0,0,0,0,0,0,9.034193161
1632,0.090000004,80,0,0,0,0,0,0,6.022795441
1633,0.209999993,100,0,0,0,0,0,0,7.528494301
1634,0.389999986,100,0,0,0,0,0,0,7.528494301
1635,0.209999993,60,0,0,0,0,0,0,4.517096581
1636,0.649999976,500,0,0,0,0,0,0,37.64247151
1638,0.519999981,360,0,0,0,0,0,0,27.10257948
1639,0.07,120,0,0,0,0,0,0,9.034193161
1640,0.469999999,170,0,0,0,0,0,0,12.79844031
1641,0.400000006,950,0,0,0,0,0,0,71.52069586
1642,0,0,0,0,0,0,0,0,0
1643,0.090000004,280,0,0,0,0,0,0,21.07978404
1644,0.340000011,177.0588242,0,0,0,0,0,0,13.32986349
1645,0.269999996,85.92592644,0,0,0,0,0,0,6.468928475
1646,0.090000004,100,0,0,0,0,0,0,7.528494301
1647,0.259999998,86.2692306,0,0,0,0,0,0,6.494774109
1648,0.150000006,80,0,0,0,0,0,0,6.022795441
1649,0.07,70,0,0,0,0,0,0,5.269946011
1650,0.25,77.20000029,0,0,0,0,0,0,5.811997622
1651,0.100000001,230,0,0,0,0,0,0,17.31553689
1652,0.229999997,75.65217379,0,0,0,0,0,0,5.695469592
1653,0.059999999,110,0,0,0,0,0,0,8.281343731
1654,0.230000004,80,0,0,0,0,0,0,6.022795441
1655,0.140000001,40,0,0,0,0,0,0,3.01139772
1656,0.189999998,490,0,0,0,0,0,0,36.88962208
1657,0.150000006,250,0,0,0,0,0,0,18.82123575
1658,0.059999999,120,0,0,0,0,0,0,9.034193161
1659,0.079999998,280,0,0,0,0,0,0,21.07978404
1660,0.579999983,500,0,0,0,0,0,0,37.64247151
1661,0.109999999,120,0,0,0,0,0,0,9.034193161
1662,0.059999999,420,0,0,0,0,0,0,31.61967606
1663,0.100000001,50,0,0,0,0,0,0,3.764247151
1664,0.300000012,110,0,0,0,0,0,0,8.281343731
1665,0.219999999,70,0,0,0,0,0,0,5.269946011
1666,0.280000001,1600,0,0,0,0,0,0,120.4559088
1667,0.059999999,90,0,0,0,0,0,0,6.775644871
1668,0.059999999,70,0,0,0,0,0,0,5.269946011
1669,0.090000004,100,0,0,0,0,0,0,7.528494301
1670,1.960000038,3306.122464,1,3,4,0.001209877,0.000365297,0.029223744,248.9012413
1672,0.08,93.74999991,0,0,0,0,0,0,7.057963401
1673,0.059999999,160,0,0,0,0,0,0,12.04559088
1674,0.129999999,84.61538455,0,0,0,0,0,0,6.370264404
1675,0.340000004,1100,0,0,0,0,0,0,82.81343731
1676,0.25,660,0,0,0,0,0,0,49.68806239
1677,0.200000003,140,0,0,0,0,0,0,10.53989202
1678,0.029999999,210,0,0,0,0,0,0,15.80983803
1679,0.189999994,197.8947366,0,0,0,0,0,0,14.89849397
1680,0.180000007,500,0,0,0,0,0,0,37.64247151
1681,0.100000001,300,0,0,0,0,0,0,22.5854829
1682,0.07,90,0,0,0,0,0,0,6.775644871
1683,0.109999999,160,0,0,0,0,0,0,12.04559088
1684,0.050000001,70,0,0,0,0,0,0,5.269946011
1685,0.079999998,250,0,0,0,0,0,0,18.82123575
1686,0.219999999,90,0,0,0,0,0,0,6.775644871
1687,0.029999999,1600,0,0,0,0,0,0,120.4559088
1688,0.050000001,70,0,0,0,0,0,0,5.269946011
1689,0.059999999,480,0,0,0,0,0,0,36.13677265
1690,0.170000002,170,0,0,0,0,0,0,12.79844031
1691,0.039999999,120,0,0,0,0,0,0,9.034193161
1692,0.069999998,95.71428571,0,0,0,0,0,0,7.205844545
1694,0.129999995,5000,0,1,1,0.0002,9.13242E-05,0.007305936,376.4247151
1696,0.090000004,220,0,0,0,0,0,0,16.56268746
1697,0.090000004,170,0,0,0,0,0,0,12.79844031
1698,0.07,170,0,0,0,0,0,0,12.79844031
1699,0.189999998,510,0,0,0,0,0,0,38.39532094
1701,0.519999996,238.4615382,0,0,0,0,0,0,17.95256331
1702,0.100000001,70,0,0,0,0,0,0,5.269946011
1703,0.25,560,0,1,1,0.001785714,9.13242E-05,0.007305936,42.15956809
1705,0.25999999,360,0,0,0,0,0,0,27.10257948
1706,0.180000007,100,0,0,0,0,0,0,7.528494301
1707,0.050000001,150,0,0,0,0,0,0,11.29274145
1708,0.050000001,70,0,0,0,0,0,0,5.269946011
1709,0.580000013,513.6206923,0,0,0,0,0,0,38.66790455
1710,0.170000002,160,0,0,0,0,0,0,12.04559088
1711,0.059999999,130,0,0,0,0,0,0,9.787042591
1712,0.039999999,60,0,0,0,0,0,0,4.517096581
1713,0.129999999,80,0,0,0,0,0,0,6.022795441
1714,0,0,0,0,0,0,0,0,0
1719,0.560000002,1600,0,0,0,0,0,0,120.4559088
1720,1.010000005,1434.653463,0,1,1,0.000697032,9.13242E-05,0.007305936,108.0078042
1721,0.469999999,3900,1,5,6,0.001538462,0.000547945,0.043835616,293.6112777
1722,0.539999992,1900,1,3,4,0.002105263,0.000365297,0.029223744,143.0413917
1723,0.690000005,734.6376854,0,0,0,0,0,0,55.30715628
1724,0.079999998,280,0,0,0,0,0,0,21.07978404
1725,0.150000006,960,0,0,0,0,0,0,72.27354529
1726,0.189999998,740,0,0,0,0,0,0,55.71085783
1727,0.039999999,230,0,0,0,0,0,0,17.31553689
1728,0.210000006,274.2857149,0,1,1,0.003645833,9.13242E-05,0.007305936,20.64958441
1729,0.029999999,110,0,0,0,0,0,0,8.281343731
1730,0.109999999,110,0,0,0,0,0,0,8.281343731
1731,0.079999998,255,0,0,0,0,0,0,19.19766047
1732,0.079999998,120,0,0,0,0,0,0,9.034193161
1733,0.139999997,177.1428571,0,0,0,0,0,0,13.3361899
1734,0.25,126.3999999,0,0,0,0,0,0,9.516016786
1735,0.059999999,110,0,0,0,0,0,0,8.281343731
1736,0.050000001,60,0,0,0,0,0,0,4.517096581
1737,0.379999995,384.7368429,0,1,1,0.002599179,9.13242E-05,0.007305936,28.9648913
1738,0.120000001,93.33333354,0,0,0,0,0,0,7.026594697
1739,0.099999998,100,0,0,0,0,0,0,7.528494301
1740,0.159999996,230,0,0,0,0,0,0,17.31553689
1741,0.180000002,460.0000012,0,0,0,0,0,0,34.63107388
1742,0.17,270.0000007,0,1,1,0.003703704,9.13242E-05,0.007305936,20.32693466
1743,0.050000001,130,0,1,1,0.007692308,9.13242E-05,0.007305936,9.787042591
1744,0.229999997,244.3478262,0,0,0,0,0,0,18.39571217
1745,0.059999999,90,0,0,0,0,0,0,6.775644871
1746,0.050000001,100,0,0,0,0,0,0,7.528494301
1747,0.069999998,112.8571429,0,0,0,0,0,0,8.496443568
1748,0.029999999,130,0,0,0,0,0,0,9.787042591
1749,0.319999998,188.7499994,0,0,0,0,0,0,14.21003295
1750,0.140000001,360,0,0,0,0,0,0,27.10257948
1751,0.090000004,160,0,0,0,0,0,0,12.04559088
1752,0.209999993,110,0,0,0,0,0,0,8.281343731
1753,0.159999996,170,0,0,0,0,0,0,12.79844031
1754,0.150000002,2439.999976,0,0,0,0,0,0,183.6952592
1758,0,0,0,0,0,0,0,0,0
1759,0,0,0,0,0,0,0,0,0
1760,0.230000004,30,0,0,0,0,0,0,2.25854829
1761,0.670000017,70,0,0,0,0,0,0,5.269946011
1762,0.170000002,40,0,0,0,0,0,0,3.01139772
1763,0.079999998,5,0,0,0,0,0,0,0.376424715
1765,0.569999993,2200,1,5,6,0.002727273,0.000547945,0.043835616,165.6268746
1766,0.050000001,130,0,0,0,0,0,0,9.787042591
1767,0.180000007,230,0,0,0,0,0,0,17.31553689
1768,0.059999999,160,0,0,0,0,0,0,12.04559088
1769,0.170000002,380,0,0,0,0,0,0,28.60827834
1770,0.180000007,500,1,1,2,0.004,0.000182648,0.014611872,37.64247151
1771,0.289999992,830,0,0,0,0,0,0,62.4865027
1772,0.119999997,280,0,0,0,0,0,0,21.07978404
1773,0.059999999,130,0,0,0,0,0,0,9.787042591
1774,0.140000001,140,0,0,0,0,0,0,10.53989202
1775,0.379999995,390,0,0,0,0,0,0,29.36112777
1776,0,0,0,0,0,0,0,0,0
1779,0,0,0,3,3,0,0.000273973,0.021917808,0
1780,0.039999999,320,0,0,0,0,0,0,24.09118176
1781,0.119999997,160,0,0,0,0,0,0,12.04559088
1782,0.140000001,280,0,0,0,0,0,0,21.07978404
1783,0.219999999,170,0,0,0,0,0,0,12.79844031
1784,0.129999995,260,0,0,0,0,0,0,19.57408518
1785,0.059999999,40,0,0,0,0,0,0,3.01139772
1786,0.239999998,134.9999995,0,0,0,0,0,0,10.16346727
1787,0.039999999,60,0,0,0,0,0,0,4.517096581
1788,0,0,0,0,0,0,0,0,0
1789,0,0,0,0,0,0,0,0,0
1790,0,0,0,0,0,0,0,0,0
1791,0,0,0,0,0,0,0,0,0
1792,0,0,0,0,0,0,0,0,0
1793,0,0,0,0,0,0,0,0,0
1794,0,0,0,0,0,0,0,0,0
1800,0.059999999,30,0,0,0,0,0,0,2.25854829
1801,0.289999992,80,0,2,2,0.025,0.000182648,0.014611872,6.022795441
1802,0.119999997,220,0,0,0,0,0,0,16.56268746
1803,0.450000003,103.7777778,0,0,0,0,0,0,7.812904087
1807,0.170000002,80,0,0,0,0,0,0,6.022795441
1809,0.75,80,0,0,0,0,0,0,6.022795441
1810,0.150000006,30,0,0,0,0,0,0,2.25854829
1815,1.389999986,3600,0,2,2,0.000555556,0.000182648,0.014611872,271.0257948
1816,0.370000005,590,0,0,0,0,0,0,44.41811638
1820,0.400000006,680,0,0,0,0,0,0,51.19376125
1821,0.209999993,290,0,0,0,0,0,0,21.83263347
1822,0.180000007,250,0,0,0,0,0,0,18.82123575
1824,0.029999999,40,0,0,0,0,0,0,3.01139772
1835,0,0,0,0,0,0,0,0,0
1850,0.479999989,460,1,0,1,0.002173913,9.13242E-05,0.007305936,34.63107379
1851,0.239999995,70,0,0,0,0,0,0,5.269946011
1852,0.090000004,100,0,0,0,0,0,0,7.528494301
1853,0.090000004,70,0,0,0,0,0,0,5.269946011
1854,0.079999998,65,0,0,0,0,0,0,4.893521296
1860,0,0,0,0,0,0,0,0,0
1861,0,0,0,0,0,0,0,0,0
1862,0,0,0,0,0,0,0,0,0
1863,0,0,0,0,0,0,0,0,0
1864,0,0,0,0,0,0,0,0,0
1870,0.349999994,565.7142846,0,2,2,0.003535354,0.000182648,0.014611872,42.58976768
1871,0.150000006,340,0,0,0,0,0,0,25.59688062
1872,0.059999999,210,0,0,0,0,0,0,15.80983803
1873,0.100000001,170,0,0,0,0,0,0,12.79844031
1874,0.460000008,460,0,0,0,0,0,0,34.63107379
1875,0.519999981,520,0,1,1,0.001923077,9.13242E-05,0.007305936,39.14817037
1877,0.129999995,240,0,0,0,0,0,0,18.06838632
1878,0,0,0,0,0,0,0,0,0
1880,1.440000057,110,0,0,0,0,0,0,8.281343731
1881,0,0,0,0,0,0,0,0,0
1890,0.07,310,0,0,0,0,0,0,23.33833233
1891,1.25999999,85.47619003,0,0,0,0,0,0,6.435070095
1892,0.159999996,49,0,0,0,0,0,0,3.688962208
1893,0.140000001,20,0,1,1,0.05,9.13242E-05,0.007305936,1.50569886
1894,0.100000001,20,0,0,0,0,0,0,1.50569886
1900,0,0,0,0,0,0,0,0,0
1901,0,0,0,0,0,0,0,0,0
1902,0,0,0,0,0,0,0,0,0
1903,0,0,0,0,0,0,0,0,0
1904,0,0,0,0,0,0,0,0,0
2500,0,0,0,5,5,0,0.000456621,0.03652968,0
3412,3.169999979,3700.315448,0,0,0,0,0,0,278.5780376
3417,0.50999999,3500,0,0,0,0,0,0,263.4973005
9003,0.170000002,220,0,0,0,0,0,0,16.56268746
9885,0.659999996,1895.454536,0,0,0,0,0,0,142.6991867
F-172,0,0,0,0,0,0,0,0,0
F-173,0,0,0,0,0,0,0,0,0
F-174,0,0,0,0,0,0,0,0,0
F-175,0,0,0,0,0,0,0,0,0
F-177,0,0,0,1,1,0,9.13242E-05,0.007305936,0
F-178,0,0,0,1,1,0,9.13242E-05,0.007305936,0
F-179,0,0,0,1,1,0,9.13242E-05,0.007305936,0
F-180,0,0,0,0,0,0,0,0,0
F-181,0,0,0,0,0,0,0,0,0
F-852,0,0,0,0,0,0,0,0,0
T-1301,0,0,0,0,0,0,0,0,0
T-1302,0,0,0,1,1,0,9.13242E-05,0.007305936,0
T-1304,0,0,0,0,0,0,0,0,0
T-1308,0,0,0,0,0,0,0,0,0
T-1309,0,0,0,0,0,0,0,0,0
T-1311,0,0,0,0,0,0,0,0,0
